
-- Shop address
INSERT INTO ShopAddresses VALUES('83ef6b36-30c0-4da4-ad10-cf7c7804f8e1', N'CỬA HÀNG CỦA HUY', 
N'Khu E6, Phạm Hùng, Cầu Giấy, Hà Nội, Việt Nam', '0379625667', 'https://maps.app.goo.gl/Dt6M1PxBSnz6CsF99', '2023/12/17');

INSERT INTO ShopAddresses VALUES('e89fe698-a07d-43f0-8c2e-69aaa74f14d2', N'CỬA HÀNG CỦA HIẾU', 
N'Thanh Vị, Sơn Tây, Hà Nội, Việt Nam', '0379885603', 'https://maps.app.goo.gl/ndXDXZ9gTfDraNMK9', '2023/12/17');

INSERT INTO ShopAddresses VALUES('615160af-9b48-4edb-9e90-4bfc1a1beff0', N'CỬA HÀNG CỦA HẢI', 
N'Nam Từ Liêm, Hà Nội, Việt Nam', '0333301536', 'https://maps.app.goo.gl/V9nC16pdvEysj74k9', '2023/12/17');

INSERT INTO ShopAddresses VALUES('4324c2db-3fe8-457f-9d0d-fc0300bf859e', N'CỬA HÀNG CỦA HUY', 
N'Khu E6, Phạm Hùng, Cầu Giấy, Hà Nội, Việt Nam', '0379625667', 'https://maps.app.goo.gl/Dt6M1PxBSnz6CsF99', '2023/12/17');

INSERT INTO ShopAddresses VALUES('7653e533-3c3c-4be3-9a67-6d88140c4294', N'CỬA HÀNG CỦA HUY', 
N'Khu E6, Phạm Hùng, Cầu Giấy, Hà Nội, Việt Nam', '0379625667', 'https://maps.app.goo.gl/Dt6M1PxBSnz6CsF99', '2023/12/17');

INSERT INTO ShopAddresses VALUES('4be8f97d-d717-4586-83c0-3e76d6376638', N'CỬA HÀNG CỦA HUY', 
N'Khu E6, Phạm Hùng, Cầu Giấy, Hà Nội, Việt Nam', '0379625667', 'https://maps.app.goo.gl/Dt6M1PxBSnz6CsF99', '2023/12/17');

INSERT INTO ShopAddresses VALUES('897870f0-da03-4874-a6d0-db5a8e133b2d', N'CỬA HÀNG CỦA HUY', 
N'Khu E6, Phạm Hùng, Cầu Giấy, Hà Nội, Việt Nam', '0379625667', 'https://maps.app.goo.gl/Dt6M1PxBSnz6CsF99', '2023/12/17');

-- Categories
INSERT INTO Categories VALUES('b1700e70-36cc-4d1c-8492-d352b3af8213', N'Vợt cầu lông');
INSERT INTO Categories VALUES('a64e2b18-836d-4cbf-b41d-107d9388c99d', N'Giày cầu lông');
INSERT INTO Categories VALUES('e879d5a7-3123-4cb7-a6e2-2ed97429744b', N'Áo cầu lông');
INSERT INTO Categories VALUES('244431d7-d403-4734-ae29-e091f5cf4821', N'Váy cầu lông');
INSERT INTO Categories VALUES('88476714-1515-414a-8403-9a63da87e886', N'Quần cầu lông');
INSERT INTO Categories VALUES('ed920e96-9fba-45c3-8120-72be7ea98f4c', N'Túi vợt cầu lông');
INSERT INTO Categories VALUES('7f38ed69-65ea-424d-88ae-dd0699e67b68', N'Balo cầu lông');
INSERT INTO Categories VALUES('61eade3f-40a7-4008-82b3-f70ef399c467', N'Phụ kiện cầu lông');

-- SubCategories
-- Vợt cầu lông
INSERT INTO SubCategories VALUES('4480e65a-b2ea-470e-9ab2-7e3477c0755e', N'Vợt cầu lông Yonex', 'b1700e70-36cc-4d1c-8492-d352b3af8213');
INSERT INTO SubCategories VALUES('814d34d8-897d-4f3a-adfc-c5dce05384b9', N'Vợt cầu lông Victor', 'b1700e70-36cc-4d1c-8492-d352b3af8213');
INSERT INTO SubCategories VALUES('9c5f193e-6abc-48fa-9348-0e84c3e5f940', N'Vợt cầu lông Lining', 'b1700e70-36cc-4d1c-8492-d352b3af8213');
INSERT INTO SubCategories VALUES('924c5891-5bcf-4d78-9e2f-10aea5aeb15e', N'Vợt Cầu Lông Mizuno', 'b1700e70-36cc-4d1c-8492-d352b3af8213');
INSERT INTO SubCategories VALUES('96830f96-6203-4fd9-9d45-4e91d290aaf4', N'Vợt cầu lông Apacs', 'b1700e70-36cc-4d1c-8492-d352b3af8213');

-- Giày cầu lông
INSERT INTO SubCategories VALUES('5b099508-7cf2-4e43-bff5-11542eebc9dd', N'Giày cầu lông Yonex', 'a64e2b18-836d-4cbf-b41d-107d9388c99d');
INSERT INTO SubCategories VALUES('f944878e-7396-429c-82f3-a2a065becf70', N'Giày cầu lông Victor', 'a64e2b18-836d-4cbf-b41d-107d9388c99d');
INSERT INTO SubCategories VALUES('b45de152-ea66-4be9-9793-242b52b3b938', N'Giày cầu lông Lining', 'a64e2b18-836d-4cbf-b41d-107d9388c99d');
INSERT INTO SubCategories VALUES('798017a4-50a2-4dfe-8b7b-b7822dda301e', N'Giày cầu lông Kawasaki', 'a64e2b18-836d-4cbf-b41d-107d9388c99d');
INSERT INTO SubCategories VALUES('3e2828d1-f2d1-42dc-9f8f-c802e06df51d', N'Giày Cầu Lông Mizuno', 'a64e2b18-836d-4cbf-b41d-107d9388c99d');

-- Áo cầu lông
INSERT INTO SubCategories VALUES('1a673e85-8ff3-4be2-b22d-12163dfabe40', N'Áo cầu lông Yonex', 'e879d5a7-3123-4cb7-a6e2-2ed97429744b');
INSERT INTO SubCategories VALUES('cfb11185-0dbf-4c17-bac0-840af07bf339', N'Áo cầu lông VNB', 'e879d5a7-3123-4cb7-a6e2-2ed97429744b');
INSERT INTO SubCategories VALUES('2fafc812-c051-45cb-8687-8aabe884d4b9', N'Áo cầu lông Kamito', 'e879d5a7-3123-4cb7-a6e2-2ed97429744b');
INSERT INTO SubCategories VALUES('61b21af8-901b-4df8-b2d8-95e338ec1280', N'Áo cầu lông Victor', 'e879d5a7-3123-4cb7-a6e2-2ed97429744b');
INSERT INTO SubCategories VALUES('7c6b0f29-7ff3-4717-a371-62c144ff15e3', N'Áo cầu lông Lining', 'e879d5a7-3123-4cb7-a6e2-2ed97429744b');

-- Váy cầu lông
INSERT INTO SubCategories VALUES('2b7a7903-4d23-41a5-b2fc-6c99f1c500c0', N'Váy cầu lông Yonex', '244431d7-d403-4734-ae29-e091f5cf4821');
INSERT INTO SubCategories VALUES('b03bd336-bcc3-4c65-90d8-352bfb8f016f', N'Váy cầu lông Victec', '244431d7-d403-4734-ae29-e091f5cf4821');
INSERT INTO SubCategories VALUES('95fdc4ee-da3d-4089-9a15-777488b3b56c', N'Váy cầu lông Lining', '244431d7-d403-4734-ae29-e091f5cf4821');
INSERT INTO SubCategories VALUES('2516725e-87b9-41f1-8289-5116e686e4e7', N'Váy cầu lông Victor', '244431d7-d403-4734-ae29-e091f5cf4821');

-- Quần cầu lông
INSERT INTO SubCategories VALUES('9a65ae49-0e22-4691-bce4-7d8149e5e03e', N'Quần cầu lông Yonex', '88476714-1515-414a-8403-9a63da87e886');
INSERT INTO SubCategories VALUES('f99b86ce-e287-4c07-8f4a-2ab5a8793fa5', N'Quần cầu lông Victor', '88476714-1515-414a-8403-9a63da87e886');
INSERT INTO SubCategories VALUES('9bf1dd75-93f4-4780-ad71-1706152eafa9', N'Quần cầu lông Lining', '88476714-1515-414a-8403-9a63da87e886');
INSERT INTO SubCategories VALUES('fdef385c-9499-4749-949a-dc068d1fab0b', N'Quần cầu lông VNB', '88476714-1515-414a-8403-9a63da87e886');
INSERT INTO SubCategories VALUES('f98cdbd6-230e-48d7-ac35-fcb4d3aa618c', N'Quần cầu lông Mizuno', '88476714-1515-414a-8403-9a63da87e886');
INSERT INTO SubCategories VALUES('282a1911-4663-4c45-9631-f5dd79becda3', N'Quần cầu lông Kawasaki', '88476714-1515-414a-8403-9a63da87e886');

-- Túi vợt cầu lông
INSERT INTO SubCategories VALUES('0a5fd00a-86c6-4608-a2ab-e8681edad06d', N'Túi vợt cầu lông Yonex', 'ed920e96-9fba-45c3-8120-72be7ea98f4c');
INSERT INTO SubCategories VALUES('05ef0499-ab3a-4c29-b2b6-1cf98acee3fd', N'Túi vợt cầu lông Victor', 'ed920e96-9fba-45c3-8120-72be7ea98f4c');
INSERT INTO SubCategories VALUES('ecff0aa7-ec3a-4224-8b15-540c5de86d46', N'Túi vợt cầu lông Lining', 'ed920e96-9fba-45c3-8120-72be7ea98f4c');
INSERT INTO SubCategories VALUES('623d468c-cca4-469b-8cc7-3407b5a71de6', N'Túi vợt cầu lông Kawasaki', 'ed920e96-9fba-45c3-8120-72be7ea98f4c');
INSERT INTO SubCategories VALUES('76ba87e9-be06-48d0-a5a1-a4379e94d986', N'Túi vợt cầu lông Mizuno', 'ed920e96-9fba-45c3-8120-72be7ea98f4c');

-- Balo cầu lông
INSERT INTO SubCategories VALUES('f77a23be-8149-4b09-91af-a8c43538f137', N'Balo cầu lông Yonex', '7f38ed69-65ea-424d-88ae-dd0699e67b68');
INSERT INTO SubCategories VALUES('830f08e3-4fa1-4b1e-9a19-09cd3af64d7a', N'Balo cầu lông Victor', '7f38ed69-65ea-424d-88ae-dd0699e67b68');
INSERT INTO SubCategories VALUES('8a9c944d-be34-4db8-940e-35c90703db9c', N'Balo cầu lông Lining', '7f38ed69-65ea-424d-88ae-dd0699e67b68');
INSERT INTO SubCategories VALUES('cabaca9f-6dff-4585-997e-2af6f0e383f8', N'Balo cầu lông Kawasaki', '7f38ed69-65ea-424d-88ae-dd0699e67b68');
INSERT INTO SubCategories VALUES('d6a3bf3d-85d8-4db7-9935-6aa2f0c9a577', N'Balo cầu lông Mizuno', '7f38ed69-65ea-424d-88ae-dd0699e67b68');

-- Phụ kiện cầu lông
INSERT INTO SubCategories VALUES('da6addb8-4cee-41a7-8594-6d9f574eb99a', N'Túi đựng giày', '61eade3f-40a7-4008-82b3-f70ef399c467');
INSERT INTO SubCategories VALUES('564233fd-7858-4014-9dfc-5267ad46f0a8', N'Vớ Cầu Lông', '61eade3f-40a7-4008-82b3-f70ef399c467');
INSERT INTO SubCategories VALUES('9238fb53-a3e0-4725-a687-159e67b74e6f', N'Cước đan vợt cầu lông', '61eade3f-40a7-4008-82b3-f70ef399c467');
INSERT INTO SubCategories VALUES('b4dbc13d-5f48-4d7f-8d16-421286bbbe27', N'Quả cầu lông', '61eade3f-40a7-4008-82b3-f70ef399c467');
INSERT INTO SubCategories VALUES('6df5b6f6-d25e-40f3-9b97-5eb652c3928f', N'Bình nước cầu lông', '61eade3f-40a7-4008-82b3-f70ef399c467');

-- Brands 
INSERT INTO Brands VALUES('30bcc492-0ec5-4980-bf20-05f9e1d76adb', N'Yonex');
INSERT INTO Brands VALUES('f1d62c8c-905b-4477-831a-c4b80d2cb573', N'Victor');
INSERT INTO Brands VALUES('8ab156f3-6446-4743-ae1f-d366f3660bd2', N'Lining');
INSERT INTO Brands VALUES('8c02c18b-bffc-4433-8c5b-1f50e532f056', N'Kawasaki');
INSERT INTO Brands VALUES('a5af0eda-d896-4fad-a486-7b4bf1b3fd64', N'Mizuno');
INSERT INTO Brands VALUES('0b4028a7-21ef-458b-9b41-9761db711bae', N'VNB');
INSERT INTO Brands VALUES('9a35b9a4-1df1-46df-b1c7-c93a537f8ba2', N'Apacs');
INSERT INTO Brands VALUES('3e1d356b-45c8-4241-9304-0a102cfd472f', N'Kamito');
INSERT INTO Brands VALUES('f511e67d-17ad-4a95-9465-a5fd0fb48ca6', N'Victec');

-- Products
-- Vợt cầu lông Yonex / Victor / Lining / Mizuno / Apacs

-- Vợt cầu lông Yonex /
INSERT INTO Products VALUES('c4132a20-e0f4-499c-90fd-08aca9b7352d', N'Vợt Cầu Lông Yonex Nanoflare 1000 Tour Chính Hãng', '', 3350000, 10, 
'https://cdn.shopvnb.com/img/300x300/uploads/gallery/vot-cau-long-yonex-nanoflare-feel-nor-chinh-hang-1.webp', 10, '2023/12/17', 
'30bcc492-0ec5-4980-bf20-05f9e1d76adb', '4480e65a-b2ea-470e-9ab2-7e3477c0755e');

INSERT INTO Products VALUES('6784d185-b868-499a-bd9d-127ecb2b3df5', N'Vợt Cầu Lông Yonex Nanoflare Ability (BKMG) Chính Hãng', '', 1350000, 11, 
'https://cdn.shopvnb.com/img/300x300/uploads/gallery/vot-cau-long-yonex-nanoflare-ability-bkmg-chinh-hang-1.webp', 10, '2023/12/17', 
'30bcc492-0ec5-4980-bf20-05f9e1d76adb', '4480e65a-b2ea-470e-9ab2-7e3477c0755e');

INSERT INTO Products VALUES('1b104eff-42ca-431b-9cd8-a04de855e661', N'Vợt Cầu Lông Yonex Nanoflare Clear (NY) Chính Hãng', '', 2350000, 15, 
'https://cdn.shopvnb.com/img/300x300/uploads/gallery/vot-cau-long-yonex-nanoflare-clear-ny-chinh-hang-1.webp', 10, '2023/12/17', 
'30bcc492-0ec5-4980-bf20-05f9e1d76adb', '4480e65a-b2ea-470e-9ab2-7e3477c0755e');

INSERT INTO Products VALUES('ce634442-c343-492c-9efd-6c415ee383f6', N'Vợt cầu lông Yonex Astrox Nextage chính hãng', '', 3050000, 10, 
'https://cdn.shopvnb.com/img/300x300/uploads/gallery/vot-cau-long-yonex-astrox-nextage-chinh-hang-1.webp', 10, '2023/12/17', 
'30bcc492-0ec5-4980-bf20-05f9e1d76adb', '4480e65a-b2ea-470e-9ab2-7e3477c0755e');

INSERT INTO Products VALUES('0a03a8eb-dd54-4122-9658-ab241ffbb1b1', N'Vợt cầu lông Yonex Nanoray 20 Bạc Cam chính hãng - Không bảo hành', '', 1090000, 0, 
'https://cdn.shopvnb.com/img/300x300/uploads/gallery/vot-cau-long-yonex-nanoray-20-bac-cam-chinh-hang-khong-bao-hanh-1.webp', 10, '2023/12/17', 
'30bcc492-0ec5-4980-bf20-05f9e1d76adb', '4480e65a-b2ea-470e-9ab2-7e3477c0755e');

-- Vợt cầu lông Victor /
INSERT INTO Products VALUES('4221c24a-de40-46c0-ad12-9ba5c5d569ef', N'Vợt Cầu Lông Victor Challenge 9500 Pro Xanh (Nội Địa Trung)', '', 1000000, 0, 
'https://cdn.shopvnb.com/img/300x300/uploads/gallery/vot-cau-long-victor-challenge-9500-pro-xanh-noi-dia-trung_1702346108.webp', 10, '2023/12/17', 
'f1d62c8c-905b-4477-831a-c4b80d2cb573', '814D34D8-897D-4F3A-ADFC-C5DCE05384B9');

INSERT INTO Products VALUES('b71e937f-8fb1-4769-a1d3-09f2591ec406', N'Vợt cầu lông Victor Auraspeed 90F Tím (Nội địa Trung)', '', 3900000, 10, 
'https://cdn.shopvnb.com/img/300x300/uploads/gallery/vot-cau-long-victor-challenge-9500-pro-xanh-noi-dia-trung_1702346108.webp', 10, '2023/12/17', 
'f1d62c8c-905b-4477-831a-c4b80d2cb573', '814D34D8-897D-4F3A-ADFC-C5DCE05384B9');

INSERT INTO Products VALUES('b68a2da4-2322-4504-90ae-d012d6dcc7ee', N'Vợt cầu lông Victor Auraspeed 90F Tím (Nội địa Trung)', '', 3100000, 10, 
'https://cdn.shopvnb.com/img/300x300/uploads/gallery/vot-cau-long-victor-challenge-9500-pro-xanh-noi-dia-trung_1702346108.webp', 10, '2023/12/17', 
'f1d62c8c-905b-4477-831a-c4b80d2cb573', '814D34D8-897D-4F3A-ADFC-C5DCE05384B9');

INSERT INTO Products VALUES('c1375eb2-6cfd-421a-90bb-e72d88056dff', N'Vợt cầu lông Victor Auraspeed 9000 chính hãng', '', 1450000, 10, 
'https://cdn.shopvnb.com/img/300x300/uploads/gallery/vot-cau-long-victor-challenge-9500-pro-xanh-noi-dia-trung_1702346108.webp', 10, '2023/12/17', 
'f1d62c8c-905b-4477-831a-c4b80d2cb573', '814D34D8-897D-4F3A-ADFC-C5DCE05384B9');

INSERT INTO Products VALUES('f43f7bce-967e-4d8d-bc88-8c8857785826', N'Vợt cầu lông Victor DriveX 10 Metallic chính hãng', '', 2800000, 10, 
'https://cdn.shopvnb.com/img/300x300/uploads/gallery/vot-cau-long-victor-challenge-9500-pro-xanh-noi-dia-trung_1702346108.webp', 10, '2023/12/17', 
'f1d62c8c-905b-4477-831a-c4b80d2cb573', '814D34D8-897D-4F3A-ADFC-C5DCE05384B9');

-- Vợt cầu lông Lining /
INSERT INTO Products VALUES('a5c05ee2-8098-4de1-9984-14a7aaa6cc72', N'Vợt cầu lông Lining Tectonic 3 (Nội địa Trung)', '', 1450000, 10, 
'https://cdn.shopvnb.com/img/300x300/uploads/gallery/vot-cau-long-lining-tectonic-3-noi-dia-trung-2.webp', 10, '2023/12/17', 
'8ab156f3-6446-4743-ae1f-d366f3660bd2', '9C5F193E-6ABC-48FA-9348-0E84C3E5F940');

INSERT INTO Products VALUES('9fc80088-6ebc-434c-9c81-2163842dbcca', N'Vợt Cầu Lông Lining Axforce 20 (Nội Địa Trung)', '', 1300000, 10, 
'https://cdn.shopvnb.com/img/300x300/uploads/gallery/vot-cau-long-lining-tectonic-6-noi-dia-trung-2.webp', 10, '2023/12/17', 
'8ab156f3-6446-4743-ae1f-d366f3660bd2', '9C5F193E-6ABC-48FA-9348-0E84C3E5F940');

-- Vợt cầu lông Mizuno /
INSERT INTO Products VALUES('94fc97da-3448-41b0-afa3-50110b8f1192', N'Vợt cầu lông Mizuno Fortius 20 (Mã JP)', '', 3990000, 10, 
'https://cdn.shopvnb.com/img/300x300/uploads/gallery/vot-cau-long-mizuno-fortius-20-ma-jp_1695690437.webp', 10, '2023/12/17', 
'A5AF0EDA-D896-4FAD-A486-7B4BF1B3FD64', '924C5891-5BCF-4D78-9E2F-10AEA5AEB15E');

INSERT INTO Products VALUES('796b5431-18d1-4e0a-8790-165ba17c5dc5', N'Vợt Cầu Lông Mizuno Altius 01 Feels (Mã JP)', '', 4190000, 10, 
'https://cdn.shopvnb.com/img/300x300/uploads/gallery/vot-cau-long-mizuno-citius-71-ghi-xanh-chinh-hang-1.webp', 10, '2023/12/17', 
'A5AF0EDA-D896-4FAD-A486-7B4BF1B3FD64', '924C5891-5BCF-4D78-9E2F-10AEA5AEB15E');

INSERT INTO Products VALUES('4f89328f-55e2-4bdf-9ed4-a22b0e00eacc', N'Vợt cầu lông Mizuno Fortius 20 (Mã JP)', '', 3100000, 10, 
'https://cdn.shopvnb.com/img/300x300/uploads/gallery/vot-cau-long-mizuno-fortius-20-ma-jp_1695690437.webp', 10, '2023/12/17', 
'A5AF0EDA-D896-4FAD-A486-7B4BF1B3FD64', '924C5891-5BCF-4D78-9E2F-10AEA5AEB15E');

-- Vợt cầu lông Apacs /
INSERT INTO Products VALUES('90adb2c9-cc11-4eee-be08-15a935a9ce38', N'Vợt cầu lông Apacs Z-Power 900 RP+ chính hãng', '', 1100000, 10, 
'https://cdn.shopvnb.com/img/300x300/uploads/san_pham/vot-cau-long-apacs-accurate-99-1.webp', 10, '2023/12/17', 
'9A35B9A4-1DF1-46DF-B1C7-C93A537F8BA2', '96830F96-6203-4FD9-9D45-4E91D290AAF4');

INSERT INTO Products VALUES('e1a54310-f130-46bc-8cae-41a0a6b0713d', N'Vợt cầu lông Apacs Pro Commander chính hãng', '', 1800000, 10, 
'https://cdn.shopvnb.com/img/300x300/uploads/san_pham/vot-cau-long-apacs-accurate-99-1.webp', 10, '2023/12/17', 
'9A35B9A4-1DF1-46DF-B1C7-C93A537F8BA2', '96830F96-6203-4FD9-9D45-4E91D290AAF4');

-- Giày cầu lông Yonex / Victor / Lining / Mizuno / Kawasaki
select * from SubCategories where Name like N'Giày cầu lông%';

-- Giày cầu lông Yonex /
INSERT INTO Products VALUES('04c79654-a0e5-442b-a068-822c53f1cb5d', N'Giày cầu lông Yonex Tokyo 4 - Blue chính hãng', '', 830000, 10, 
'https://cdn.shopvnb.com/img/300x300/uploads/gallery/BLUE2.webp', 10, '2023/12/17', 
'30BCC492-0EC5-4980-BF20-05F9E1D76ADB', '5B099508-7CF2-4E43-BFF5-11542EEBC9DD');

INSERT INTO Products VALUES('8f0511a9-e3bf-4f15-8532-bc812b2b3181', N'Giày cầu lông Yonex Tokyo 4 - Hyper volt chính hãng', '', 830000, 10, 
'https://cdn.shopvnb.com/img/300x300/uploads/gallery/HYPER%20VOLT2.webp', 10, '2023/12/17', 
'30BCC492-0EC5-4980-BF20-05F9E1D76ADB', '5B099508-7CF2-4E43-BFF5-11542EEBC9DD');

INSERT INTO Products VALUES('38d13588-ea0b-47ce-a3a0-0072be09530a', N'Giày Cầu Lông Yonex SHB 65Z3 Men - Trắng Xanh (Mã JP)', '', 1830000, 10, 
'https://cdn.shopvnb.com/img/300x300/uploads/gallery/giay-cau-long-yonex-shb-65z3-men-trang-xanh-ma-jp-2.webp', 10, '2023/12/17', 
'30BCC492-0EC5-4980-BF20-05F9E1D76ADB', '5B099508-7CF2-4E43-BFF5-11542EEBC9DD');

-- Giày cầu lông Victor /
INSERT INTO Products VALUES('caf89083-6ea6-4229-b583-3c104d151dd0', N'Giày cầu lông Victor A311 - Trắng  (Nội địa Trung)', '', 1050000, 10, 
'https://cdn.shopvnb.com/img/300x300/uploads/gallery/giay-cau-long-victor-a311.webp', 10, '2023/12/17', 
'F1D62C8C-905B-4477-831A-C4B80D2CB573', 'F944878E-7396-429C-82F3-A2A065BECF70');

INSERT INTO Products VALUES('ed089fcb-6d93-4893-98c4-a1e844673a12', N'Giày cầu lông Victor A311 - Xanh (Nội địa Trung)', '', 1550000, 10, 
'https://cdn.shopvnb.com/img/300x300/uploads/gallery/giay-cau-long-victor-a311-xanh-noi-dia-trung-2.webp', 10, '2023/12/17', 
'F1D62C8C-905B-4477-831A-C4B80D2CB573', 'F944878E-7396-429C-82F3-A2A065BECF70');

-- Giày cầu lông Lining /
INSERT INTO Products VALUES('b5d713ae-580d-480d-803f-42f759e759ad', N'Giày cầu lông Lining AYTS016-5 chính hãng', '', 110000, 10, 
'https://cdn.shopvnb.com/img/300x300/uploads/san_pham/giay-cau-long-lining-ayts016-5-chinh-hang-3.webp', 10, '2023/12/17', 
'8AB156F3-6446-4743-AE1F-D366F3660BD2', 'B45DE152-EA66-4BE9-9793-242B52B3B938');

INSERT INTO Products VALUES('a1c908cd-1a62-406e-a562-65444d2add73', N'Giày cầu lông Lining AYZS018-3 chính hãng', '', 210000, 10, 
'https://cdn.shopvnb.com/img/300x300/uploads/san_pham/giay-cau-long-lining-ayzs018-3-chinh-hang-3.webp', 10, '2023/12/17', 
'8AB156F3-6446-4743-AE1F-D366F3660BD2', 'B45DE152-EA66-4BE9-9793-242B52B3B938');

-- Giày cầu lông Mizuno /
INSERT INTO Products VALUES('72ceb1c3-8b70-4b14-83e5-3a4f5a785803', N'Giày cầu lông Mizuno Wave Fang Pro - Trắng vàng chính hãng', '', 340000, 10, 
'https://cdn.shopvnb.com/img/300x300/uploads/san_pham/giay-cau-long-mizuno-wave-fang-pro-trang-vang-chinh-hang-3.webp', 10, '2023/12/17', 
'A5AF0EDA-D896-4FAD-A486-7B4BF1B3FD64', '3E2828D1-F2D1-42DC-9F8F-C802E06DF51D');

INSERT INTO Products VALUES('57cb75ce-5550-4577-b0a7-739c110b26a8', N'Giày cầu lông Mizuno Wave Claw 2 - Trắng Xanh (Mã JP)', '', 240000, 10, 
'https://cdn.shopvnb.com/img/300x300/uploads/san_pham/giay-cau-long-mizuno-wave-claw-2-trang-xanh-ma-jp-2.webp', 10, '2023/12/17', 
'A5AF0EDA-D896-4FAD-A486-7B4BF1B3FD64', '3E2828D1-F2D1-42DC-9F8F-C802E06DF51D');

-- Giày cầu lông Kawasaki /
INSERT INTO Products VALUES('183d28f6-e7af-494a-b5d6-5193aae0acb9', N'Giày cầu lông Kawasaki 3310 - Trắng xanh chính hãng', '', 840000, 10, 
'https://cdn.shopvnb.com/img/300x300/uploads/gallery/giay-cau-long-kawasaki-3310-trang-xanh-chinh-hang-3.webp', 10, '2023/12/17', 
'8C02C18B-BFFC-4433-8C5B-1F50E532F056', '798017A4-50A2-4DFE-8B7B-B7822DDA301E');

INSERT INTO Products VALUES('5804ead0-5d0d-4a5b-8bb3-5e21035e8fb5', N'Giày cầu lông Kawasaki 3310 - Xanh chính hãng', '', 900000, 10, 
'https://cdn.shopvnb.com/img/300x300/uploads/gallery/giay-cau-long-kawasaki-3310-xanh-chinh-hang-5.webp', 10, '2023/12/17', 
'8C02C18B-BFFC-4433-8C5B-1F50E532F056', '798017A4-50A2-4DFE-8B7B-B7822DDA301E');

-- Áo cầu lông Yonex / Lining / VNB / Kamito / Victor
select * from SubCategories where Name like N'Áo cầu lông%';

-- Áo cầu lông Yonex /
INSERT INTO Products VALUES('448a20bf-818c-4715-a50a-149e1edf2873', N'Áo cầu lông Yonex Play 3 RM 2333 - Majolica blue chính hãng', '', 250000, 10, 
'https://cdn.shopvnb.com/img/300x300/uploads/gallery/ao-cau-long-yonex-play-3-rm-2333-majolica-blue-chinh-hang_1702578355.webp', 10, '2023/12/17', 
'30BCC492-0EC5-4980-BF20-05F9E1D76ADB', '1A673E85-8FF3-4BE2-B22D-12163DFABE40');

INSERT INTO Products VALUES('280d35c3-b5b2-4ed5-9ae5-9ce8c4a541b3', N'Áo cầu lông Yonex Play 3 RM 2333 - Malibu blue chính hãng', '', 200000, 10, 
'https://cdn.shopvnb.com/img/300x300/uploads/gallery/ao-cau-long-yonex-play-3-rm-2333-malibu-blue-chinh-hang_1702578421.webp', 10, '2023/12/17', 
'30BCC492-0EC5-4980-BF20-05F9E1D76ADB', '1A673E85-8FF3-4BE2-B22D-12163DFABE40');

-- Áo cầu lông Lining /
INSERT INTO Products VALUES('5cbed606-55e4-4c31-9fc7-6dcabf7fad21', N'Áo cầu lông Lining A539 nam - Xanh hồng', '', 160000, 10, 
'https://cdn.shopvnb.com/img/300x300/uploads/gallery/ao-cau-long-lining-a539-nam-xanh-hong-1_1698433411.webp', 10, '2023/12/17', 
'8AB156F3-6446-4743-AE1F-D366F3660BD2', '7C6B0F29-7FF3-4717-A371-62C144FF15E3');

INSERT INTO Products VALUES('b6dc8f4b-9029-443d-92a3-d6157b8890bc', N'Áo cầu lông Lining APLR126-2 nữ chính hãng', '', 400000, 10, 
'https://cdn.shopvnb.com/img/300x300/uploads/gallery/ao-cau-long-lining-aplr126-2-nu-chinh-hang_1699060958.webp', 10, '2023/12/17', 
'8AB156F3-6446-4743-AE1F-D366F3660BD2', '7C6B0F29-7FF3-4717-A371-62C144FF15E3');

INSERT INTO Products VALUES('17be00b7-605a-4cf6-911b-0b536e73c4eb', N'Áo cầu lông Lining AAYS074-3 nữ chính hãng', '', 460000, 10, 
'https://cdn.shopvnb.com/img/300x300/uploads/gallery/ao-cau-long-lining-aays074-3-nu-chinh-hang_1697848399.webp', 10, '2023/12/17', 
'8AB156F3-6446-4743-AE1F-D366F3660BD2', '7C6B0F29-7FF3-4717-A371-62C144FF15E3');

-- Áo cầu lông VNB /
INSERT INTO Products VALUES('36cff031-f913-4da7-91cf-86da1a844748', N'Áo Cầu Lông VNB Nam xanh - mã 802', '', 149000, 10, 
'https://cdn.shopvnb.com/img/300x300/uploads/gallery/802.4%20vnb%20%20nam.jpg', 10, '2023/12/17', 
'0B4028A7-21EF-458B-9B41-9761DB711BAE', 'CFB11185-0DBF-4C17-BAC0-840AF07BF339');

INSERT INTO Products VALUES('c83a8e49-f25c-4427-80ea-1a7ca62ce760', N'Áo Cầu Lông VNB Nam cam - mã 747', '', 149000, 10, 
'https://cdn.shopvnb.com/img/300x300/uploads/san_pham/ao-cau-long-vnb-nam-cam-ma-747-1.webp', 10, '2023/12/17', 
'0B4028A7-21EF-458B-9B41-9761DB711BAE', 'CFB11185-0DBF-4C17-BAC0-840AF07BF339');

-- Áo cầu lông Kamito /
INSERT INTO Products VALUES('5a851a13-0024-4e79-b724-4b90b7e1f265', N'Áo cầu lông Kamito BD KMAH230880 - Tím chính hãng', '', 169000, 10, 
'https://cdn.shopvnb.com/img/300x300/uploads/gallery/ao-cau-long-kamito-bd-kmah230880-tim-chinh-hang_1701109833.webp', 10, '2023/12/17', 
'3E1D356B-45C8-4241-9304-0A102CFD472F', '2FAFC812-C051-45CB-8687-8AABE884D4B9');

INSERT INTO Products VALUES('9e849996-c655-40c2-b7bc-09182630008d', N'Áo cầu lông Kamito Sky KMAP231110F nữ - Đỏ chính hãng', '', 159000, 10, 
'https://cdn.shopvnb.com/img/300x300/uploads/gallery/ao-cau-long-kamito-sky-kmap231110f-nu-do-chinh-hang_1694810433.webp', 10, '2023/12/17', 
'3E1D356B-45C8-4241-9304-0A102CFD472F', '2FAFC812-C051-45CB-8687-8AABE884D4B9');

INSERT INTO Products VALUES('902f63d9-3a57-4141-a535-7a42c6fc4393', N'Áo cầu lông Kamito Sky KMAP231150F nữ - Trắng chính hãng', '', 159000, 10, 
'https://cdn.shopvnb.com/img/300x300/uploads/gallery/ao-cau-long-kamito-sky-kmap231150f-nu-trang-chinh-hang_1694810204.webp', 10, '2023/12/17', 
'3E1D356B-45C8-4241-9304-0A102CFD472F', '2FAFC812-C051-45CB-8687-8AABE884D4B9');

-- Áo cầu lông Victor /
INSERT INTO Products VALUES('d5e40ecb-6b40-4980-b690-5370ad6733ef', N'Áo cầu lông Victor 8003 nam - Đen đỏ', '', 160000, 10, 
'https://cdn.shopvnb.com/img/300x300/uploads/gallery/ao-cau-long-victor-8003-nam-den-do_1698633607.webp', 10, '2023/12/17', 
'F1D62C8C-905B-4477-831A-C4B80D2CB573', '61B21AF8-901B-4DF8-B2D8-95E338EC1280');

INSERT INTO Products VALUES('20f4b227-1cb9-40b5-b681-01400fd28474', N'Áo cầu lông Victor 8003 nữ - Trắng đỏ', '', 160000, 10, 
'https://cdn.shopvnb.com/img/300x300/uploads/gallery/ao-cau-long-victor-8003-nu-trang-do_1698633522.webp', 10, '2023/12/17', 
'F1D62C8C-905B-4477-831A-C4B80D2CB573', '61B21AF8-901B-4DF8-B2D8-95E338EC1280');

-- Váy cầu lông Victec / Victor / Yonex / Lining /
select * from SubCategories where Name like N'Váy cầu lông%';

-- Váy cầu lông Victec /
INSERT INTO Products VALUES('62a251fd-df9c-4a81-92b1-d76fe82a9fb2', N'Váy cầu lông Victec 03 - Đen vàng', '', 140000, 10, 
'https://cdn.shopvnb.com/img/300x300/uploads/gallery/vay-cau-long-victec-03-den-vang-1.webp', 10, '2023/12/17', 
'F511E67D-17AD-4A95-9465-A5FD0FB48CA6', 'B03BD336-BCC3-4C65-90D8-352BFB8F016F');

INSERT INTO Products VALUES('9e11e0b7-10d8-459c-ab90-eed64adcc85c', N'Váy cầu lông  Victec 02 - Đen xanh bích', '', 140000, 10, 
'https://cdn.shopvnb.com/img/300x300/uploads/san_pham/vay-cau-long-victec-02-den-xanh-bich-1.webp', 10, '2023/12/17', 
'F511E67D-17AD-4A95-9465-A5FD0FB48CA6', 'B03BD336-BCC3-4C65-90D8-352BFB8F016F');

-- Váy cầu lông Victor /
INSERT INTO Products VALUES('f87ee54c-aa8a-4ed3-a512-d7bc66d2aca2', N'Váy cầu lông Victor 7053 - Trắng đen', '', 150000, 10, 
'https://cdn.shopvnb.com/img/300x300/uploads/gallery/vay-cau-long-victor-7053-trang-den-2.webp', 10, '2023/12/17', 
'F1D62C8C-905B-4477-831A-C4B80D2CB573', '2516725E-87B9-41F1-8289-5116E686E4E7');

INSERT INTO Products VALUES('0cdc3075-e51d-45ef-931e-c36e142f556a', N'Váy cầu lông Victor TCV2361 - Đen', '', 140000, 10, 
'https://cdn.shopvnb.com/img/300x300/uploads/gallery/vay-cau-long-victor_1698717474.webp', 10, '2023/12/17', 
'F1D62C8C-905B-4477-831A-C4B80D2CB573', '2516725E-87B9-41F1-8289-5116E686E4E7');

-- Váy cầu lông Yonex /
INSERT INTO Products VALUES('f2897a40-6ca1-45cd-adcb-3048ce815591', N'Váy cầu lông Yonex 9018 - Xanh đậm', '', 140000, 10, 
'https://cdn.shopvnb.com/img/300x300/uploads/san_pham/vay-cau-long-yonex-9018-xanh-dam-1.webp', 10, '2023/12/17', 
'30BCC492-0EC5-4980-BF20-05F9E1D76ADB', '2B7A7903-4D23-41A5-B2FC-6C99F1C500C0');

INSERT INTO Products VALUES('74f2f24c-5329-4ab3-b322-f2ce765026c1', N'Váy cầu lông Yonex 9018 - Trắng', '', 140000, 10, 
'https://cdn.shopvnb.com/img/300x300/uploads/san_pham/vay-cau-long-yonex-9018-trang-1.webp', 10, '2023/12/17', 
'30BCC492-0EC5-4980-BF20-05F9E1D76ADB', '2B7A7903-4D23-41A5-B2FC-6C99F1C500C0');

-- Váy cầu lông Lining /
INSERT INTO Products VALUES('2f46002f-e6fd-4a35-bc62-09f9c5c84d04', N'Váy cầu lông Lining 9019 - Trắng', '', 150000, 10, 
'https://cdn.shopvnb.com/img/300x300/uploads/san_pham/vay-cau-long-lining-9019-trang-1.webp', 10, '2023/12/17', 
'8AB156F3-6446-4743-AE1F-D366F3660BD2', '95FDC4EE-DA3D-4089-9A15-777488B3B56C');

-- Quần cầu lông Lining / Victor / Yonex / VNB / Kawasaki / Mizuno
select * from SubCategories where Name like N'Quần cầu lông%';

-- Quần cầu lông Lining /
INSERT INTO Products VALUES('84bcb439-2ceb-47bb-a3b3-f3045cecd6d8', N'Quần cầu lông Lining 9682 - Đen vàng', '', 130000, 10, 
'https://cdn.shopvnb.com/img/300x300/uploads/gallery/quan-cau-long-lining-9682-den-vang.webp', 10, '2023/12/17', 
'8AB156F3-6446-4743-AE1F-D366F3660BD2', '9BF1DD75-93F4-4780-AD71-1706152EAFA9');

INSERT INTO Products VALUES('e376e0a0-f6e4-4ae7-9bb6-04eb353aa61d', N'Quần cầu lông Lining 9682 - Đen xanh ngọc', '', 130000, 10, 
'https://cdn.shopvnb.com/img/300x300/uploads/gallery/quan-cau-long-lining-9682-den-xanh-ngoc.webp', 10, '2023/12/17', 
'8AB156F3-6446-4743-AE1F-D366F3660BD2', '9BF1DD75-93F4-4780-AD71-1706152EAFA9');

INSERT INTO Products VALUES('3fc0b189-29d4-4ab3-8ba2-3561f04d62fb', N'Quần cầu lông Lining 9210 - Trắng xanh', '', 130000, 10, 
'https://cdn.shopvnb.com/img/300x300/uploads/gallery/quan-cau-long-lining-9210-trang-xanh_1.webp', 10, '2023/12/17', 
'8AB156F3-6446-4743-AE1F-D366F3660BD2', '9BF1DD75-93F4-4780-AD71-1706152EAFA9');

-- Quần cầu lông Victor /
INSERT INTO Products VALUES('8680615d-7cbb-4afd-991f-9a61b37ee946', N'Quần cầu lông Victor 8098CD chính hãng', '', 630000, 10, 
'https://cdn.shopvnb.com/img/300x300/uploads/san_pham/quan-cau-long-victor-nam-den-ma-376-1.webp', 10, '2023/12/17', 
'F1D62C8C-905B-4477-831A-C4B80D2CB573', 'F99B86CE-E287-4C07-8F4A-2AB5A8793FA5');

INSERT INTO Products VALUES('275a4312-abf7-4f65-824b-0053c450e449', N'Quần cầu lông Victor 9620 - Trắng', '', 130000, 10, 
'https://cdn.shopvnb.com/img/300x300/uploads/san_pham/quan-cau-long-victor-9620-trang-1.webp', 10, '2023/12/17', 
'F1D62C8C-905B-4477-831A-C4B80D2CB573', 'F99B86CE-E287-4C07-8F4A-2AB5A8793FA5');

-- Quần cầu lông Yonex /
INSERT INTO Products VALUES('020a2d93-fc3c-4385-a638-748093db5110', N'Quần cầu lông Yonex SM 2421 - Poseidon chính hãng', '', 230000, 10, 
'https://cdn.shopvnb.com/img/300x300/uploads/gallery/quan-cau-long-yonex-sm-2421-poseidon-chinh-hang_1702578974.webp', 10, '2023/12/17', 
'30BCC492-0EC5-4980-BF20-05F9E1D76ADB', '9A65AE49-0E22-4691-BCE4-7D8149E5E03E');

INSERT INTO Products VALUES('ffb240fc-9e01-4220-a80b-0c3a1ae08199', N'Quần cầu lông Yonex SM 2421 - Poppy seed chính hãng', '', 230000, 10, 
'https://cdn.shopvnb.com/img/300x300/uploads/gallery/quan-cau-long-yonex-sm-2421-poppy-seed-chinh-hang_1702578886.webp', 10, '2023/12/17', 
'30BCC492-0EC5-4980-BF20-05F9E1D76ADB', '9A65AE49-0E22-4691-BCE4-7D8149E5E03E');

INSERT INTO Products VALUES('b200a04a-f845-4fb7-b18d-b3ad74856ef4', N'Quần cầu lông Yonex SM2335 INDIA INK', '', 230000, 10, 
'https://cdn.shopvnb.com/img/300x300/uploads/gallery/quan-cau-long-yonex-sm2335-india-ink_1698116932.webp', 10, '2023/12/17', 
'30BCC492-0EC5-4980-BF20-05F9E1D76ADB', '9A65AE49-0E22-4691-BCE4-7D8149E5E03E');

-- Quần cầu lông VNB /
INSERT INTO Products VALUES('7c509536-0d0c-4ef0-8c9e-c1f3a5a4b308', N'Quần cầu lông VNB nam trắng - mã 099', '', 140000, 10, 
'https://cdn.shopvnb.com/img/300x300/uploads/gallery/quan-cau-long-vnb-nam-trang-ma-099_1696549306.webp', 10, '2023/12/17', 
'0B4028A7-21EF-458B-9B41-9761DB711BAE', 'FDEF385C-9499-4749-949A-DC068D1FAB0B');

INSERT INTO Products VALUES('db9f5db1-3a92-49ef-9561-8afe967f2fb5', N'Quần bóng bàn Butterfly nam trắng - mã 166', '', 140000, 10, 
'https://cdn.shopvnb.com/img/300x300/uploads/san_pham/quan-bong-ban-butterfly-nam-trang-ma-166-1.webp', 10, '2023/12/17', 
'0B4028A7-21EF-458B-9B41-9761DB711BAE', 'FDEF385C-9499-4749-949A-DC068D1FAB0B');

-- Quần cầu lông Kawasaki /
INSERT INTO Products VALUES('64a8256e-0726-48b5-983a-38e9eafb5156', N'Quần cầu lông Kawasaki SP-16365', '', 190000, 10, 
'https://cdn.shopvnb.com/img/300x300/uploads/san_pham/quan-cau-long-kawasaki-sp-16365-2.webp', 10, '2023/12/17', 
'8C02C18B-BFFC-4433-8C5B-1F50E532F056', '282A1911-4663-4C45-9631-F5DD79BECDA3');

-- Quần cầu lông Mizuno /
INSERT INTO Products VALUES('eff825fa-b206-44a4-8c5e-cc5029b948bd', N'Quần cầu lông Mizuno nữ trắng - mã 259', '', 160000, 10, 
'https://cdn.shopvnb.com/img/300x300/uploads/san_pham/quan-cau-long-mizuno-nu-trang-ma-259-1.webp', 10, '2023/12/17', 
'A5AF0EDA-D896-4FAD-A486-7B4BF1B3FD64', 'F98CDBD6-230E-48D7-AC35-FCB4D3AA618C');

INSERT INTO Products VALUES('121251dc-34ab-4363-a2ad-25e50708997d', N'Quần cầu lông Mizuno P2MB71B1 xanh than chính hãng', '', 400000, 10, 
'https://cdn.shopvnb.com/img/300x300/uploads/san_pham/quan-cau-long-mizuno-p2mb71b1-xanh-than-1.webp', 10, '2023/12/17', 
'A5AF0EDA-D896-4FAD-A486-7B4BF1B3FD64', 'F98CDBD6-230E-48D7-AC35-FCB4D3AA618C');

INSERT INTO Products VALUES('5f662ef3-0c1f-412a-9a76-5593adb301bb', N'Quần cầu lông Mizuno nữ Đen - mã 430', '', 160000, 10, 
'https://cdn.shopvnb.com/img/300x300/uploads/san_pham/quan-cau-long-mizuno-nu-den-ma-430-1.webp', 10, '2023/12/17', 
'A5AF0EDA-D896-4FAD-A486-7B4BF1B3FD64', 'F98CDBD6-230E-48D7-AC35-FCB4D3AA618C');

-- Túi vợt cầu lông Victor / Kawasaki / Lining / Mizuno / Yonex
select * from SubCategories where Name like N'Túi vợt cầu lông%';

-- Túi vợt cầu lông Victor /
INSERT INTO Products VALUES('502bf034-7fa9-4392-88ec-4f8abfef1863', N'Túi cầu lông Victor BR6219R chính hãng', '', 760000, 10, 
'https://cdn.shopvnb.com/img/300x300/uploads/gallery/tui-cau-long-victor-br6219r-chinh-hang-1.webp', 10, '2023/12/17', 
'F1D62C8C-905B-4477-831A-C4B80D2CB573', '05EF0499-AB3A-4C29-B2B6-1CF98ACEE3FD');

INSERT INTO Products VALUES('78f57c59-8285-4d9a-a3cb-1405f13644b6', N'Túi đựng phụ kiện Victor Hello Kitty BG-32KT F Navy', '', 460000, 10, 
'https://cdn.shopvnb.com/img/300x300/uploads/gallery/tui-dung-phu-kien-victor-hello-kitty-bg-32kt-f-navy-1.webp', 10, '2023/12/17', 
'F1D62C8C-905B-4477-831A-C4B80D2CB573', '05EF0499-AB3A-4C29-B2B6-1CF98ACEE3FD');

INSERT INTO Products VALUES('70009487-cd1a-4993-b7e5-86a1eac67ad9', N'Túi cầu lông Victor BR 9611 LZJ - Đen LImited', '', 1160000, 10, 
'https://cdn.shopvnb.com/img/300x300/uploads/san_pham/tui-cau-long-victor-br-9611-lzj-den-limited-2.webp', 10, '2023/12/17', 
'F1D62C8C-905B-4477-831A-C4B80D2CB573', '05EF0499-AB3A-4C29-B2B6-1CF98ACEE3FD');

-- Túi vợt cầu lông Kawasaki /
INSERT INTO Products VALUES('394f85ff-7062-451a-9ce9-148ac87ad5fa', N'Túi cầu lông Kawasaki 8685 Trắng Đỏ Đen chính hãng', '', 960000, 10, 
'https://cdn.shopvnb.com/img/300x300/uploads/san_pham/tui-cau-long-kawasaki-8685-trang-do-den-chinh-hang-2.webp', 10, '2023/12/17', 
'8C02C18B-BFFC-4433-8C5B-1F50E532F056', '623D468C-CCA4-469B-8CC7-3407B5A71DE6');

INSERT INTO Products VALUES('b7385e9b-ee63-42fd-b480-a25947e2683d', N'Túi cầu lông Kawasaki 8685 Trắng Đỏ Xanh chính hãng', '', 760000, 10, 
'https://cdn.shopvnb.com/img/300x300/uploads/san_pham/tui-cau-long-kawasaki-8685-trang-do-xanh-chinh-hang-3.webp', 10, '2023/12/17', 
'8C02C18B-BFFC-4433-8C5B-1F50E532F056', '623D468C-CCA4-469B-8CC7-3407B5A71DE6');

-- Túi vợt cầu lông Lining /
INSERT INTO Products VALUES('209f3d8d-8bca-4b5e-bb26-3c02a3ebb402', N'Túi cầu lông Lining ABJT009-1 chính hãng', '', 2160000, 10, 
'https://cdn.shopvnb.com/img/300x300/uploads/gallery/tui-cau-long-lining-abjt009-1-chinh-hang-2.webp', 10, '2023/12/17', 
'8AB156F3-6446-4743-AE1F-D366F3660BD2', 'ECFF0AA7-EC3A-4224-8B15-540C5DE86D46');

INSERT INTO Products VALUES('b4a3795c-0b40-4a8b-a45a-ed9c295dfb99', N'Túi cầu lông Lining ABJR024-2 chính hãng', '', 1460000, 10, 
'https://cdn.shopvnb.com/img/300x300/uploads/san_pham/tui-cau-long-lining-abjr024-2-chinh-hang-4.webp', 10, '2023/12/17', 
'8AB156F3-6446-4743-AE1F-D366F3660BD2', 'ECFF0AA7-EC3A-4224-8B15-540C5DE86D46');

-- Túi vợt cầu lông Mizuno /
INSERT INTO Products VALUES('5bd0c0ea-249e-4047-894e-f54a89df183a', N'Túi cầu lông Mizuno Duffle Bag - Đen xanh bạc chính hãng', '', 1660000, 10, 
'https://cdn.shopvnb.com/img/300x300/uploads/san_pham/tui-cau-long-mizuno-duffle-bag-den-xanh-bac-chinh-hang-1.webp', 10, '2023/12/17', 
'A5AF0EDA-D896-4FAD-A486-7B4BF1B3FD64', '76BA87E9-BE06-48D0-A5A1-A4379E94D986');

INSERT INTO Products VALUES('0ee69142-1b26-44d7-8269-ef68652c1c08', N'Túi cầu lông Mizuno Duffle Bag - Đen đỏ bạc chính hãng', '', 1660000, 10, 
'https://cdn.shopvnb.com/img/300x300/uploads/san_pham/tui-cau-long-mizuno-duffle-bag-den-do-bac-chinh-hang-1.webp', 10, '2023/12/17', 
'A5AF0EDA-D896-4FAD-A486-7B4BF1B3FD64', '76BA87E9-BE06-48D0-A5A1-A4379E94D986');

INSERT INTO Products VALUES('b2668581-44d0-4b32-84eb-b0f21f4bb821', N'Túi vợt cầu lông Mizuno MP1614 - Xanh Đỏ', '', 660000, 10, 
'https://cdn.shopvnb.com/img/300x300/uploads/san_pham/tui-vot-cau-long-mizuno-mp1614-xanh-do-1.webp', 10, '2023/12/17', 
'A5AF0EDA-D896-4FAD-A486-7B4BF1B3FD64', '76BA87E9-BE06-48D0-A5A1-A4379E94D986');

-- Túi vợt cầu lông Yonex /
INSERT INTO Products VALUES('b2a3769a-33b0-4e02-8971-6815f2e2aa9e', N'TTúi cầu lông Yonex BAG2262 Đen - Gia công', '', 700000, 10, 
'https://cdn.shopvnb.com/img/300x300/uploads/san_pham/tui-cau-long-yonex-bag2262-den-gia-cong-2.webp', 10, '2023/12/17', 
'30BCC492-0EC5-4980-BF20-05F9E1D76ADB', '0A5FD00A-86C6-4608-A2AB-E8681EDAD06D');

INSERT INTO Products VALUES('6d7e2dc8-f0d6-441d-913f-70aa9002b630', N'Túi cầu lông Yonex 229BT006U trắng - Gia công', '', 780000, 10, 
'https://cdn.shopvnb.com/img/300x300/uploads/san_pham/tui-cau-long-yonex-229bt006u-trang-gia-cong-5.webp', 10, '2023/12/17', 
'30BCC492-0EC5-4980-BF20-05F9E1D76ADB', '0A5FD00A-86C6-4608-A2AB-E8681EDAD06D');

INSERT INTO Products VALUES('576c79b3-bd1f-4132-9d99-566cf278a194', N'Túi cầu lông Yonex BAG2262 Trắng Tím - Gia công', '', 700000, 10, 
'https://cdn.shopvnb.com/img/300x300/uploads/san_pham/tui-cau-long-yonex-bag2262-trang-tim-gia-cong-2.webp', 10, '2023/12/17', 
'30BCC492-0EC5-4980-BF20-05F9E1D76ADB', '0A5FD00A-86C6-4608-A2AB-E8681EDAD06D');

-- Balo cầu lông Victor / Kawasaki / Lining / Mizuno / Yonex
select * from SubCategories where Name like N'Balo cầu lông%';

-- Balo cầu lông Victor /
INSERT INTO Products VALUES('c89818fb-cb1d-4977-bfcc-e19b2fdb9080', N'Balo cầu lông Victor BR6019R chính hãng', '', 750000, 10, 
'https://cdn.shopvnb.com/img/300x300/uploads/gallery/balo-cau-long-victor-br6019r-chinh-hang-1.webp', 10, '2023/12/17', 
'F1D62C8C-905B-4477-831A-C4B80D2CB573', '830F08E3-4FA1-4B1E-9A19-09CD3AF64D7A');

INSERT INTO Products VALUES('1124483c-c12f-4ab8-a886-def2a8ca88e8', N'Balo cầu lông Victor BR 6017L - Hồng chính hãng', '', 720000, 10, 
'https://cdn.shopvnb.com/img/300x300/uploads/san_pham/balo-cau-long-victor-br-6017l-hong-chinh-hang-1.webp', 10, '2023/12/17', 
'F1D62C8C-905B-4477-831A-C4B80D2CB573', '830F08E3-4FA1-4B1E-9A19-09CD3AF64D7A');

-- Balo cầu lông Kawasaki /
INSERT INTO Products VALUES('28584e85-dfcd-4cba-8d02-e70312ed317a', N'Balo Cầu Lông Kawasaki 8232 Tím', '', 600000, 10, 
'https://cdn.shopvnb.com/img/300x300/uploads/san_pham/balo-cau-long-kawasaki-8232-tim-1.webp', 10, '2023/12/17', 
'8C02C18B-BFFC-4433-8C5B-1F50E532F056', 'CABACA9F-6DFF-4585-997E-2AF6F0E383F8');

INSERT INTO Products VALUES('605b7a0c-2275-4561-990c-f336dcfe1d6d', N'Balo cầu lông Kawasaki 8235', '', 640000, 10, 
'https://cdn.shopvnb.com/img/300x300/uploads/san_pham/balo-cau-long-kawasaki-8235-5.webp', 10, '2023/12/17', 
'8C02C18B-BFFC-4433-8C5B-1F50E532F056', 'CABACA9F-6DFF-4585-997E-2AF6F0E383F8');

-- Balo cầu lông Lining /
INSERT INTO Products VALUES('5b333f12-a0ce-443f-8c5b-a8b464dc1f25', N'Balo cầu lông Lining ABSS087-4 chính hãng', '', 840000, 10, 
'https://cdn.shopvnb.com/img/300x300/uploads/gallery/balo-cau-long-lining-abss087-4-chinh-hang-2.webp', 10, '2023/12/17', 
'8AB156F3-6446-4743-AE1F-D366F3660BD2', '8A9C944D-BE34-4DB8-940E-35C90703DB9C');

INSERT INTO Products VALUES('0870d17a-8d9e-40a6-986a-a467e7c9d16c', N'Balo cầu lông Lining ABSS275-4 chính hãng', '', 800000, 10, 
'https://cdn.shopvnb.com/img/300x300/uploads/gallery/balo-cau-long-lining-abss275-4-chinh-hang_1694649725.webp', 10, '2023/12/17', 
'8AB156F3-6446-4743-AE1F-D366F3660BD2', '8A9C944D-BE34-4DB8-940E-35C90703DB9C');

INSERT INTO Products VALUES('ece83e7c-1e82-47e9-b6b3-82ea96f68724', N'Balo cầu lông Lining ABSS085-3 chính hãng', '', 1000000, 10, 
'https://cdn.shopvnb.com/img/300x300/uploads/gallery/balo-cau-long-lining-abss085-3-chinh-hang_1695245770.webp', 10, '2023/12/17', 
'8AB156F3-6446-4743-AE1F-D366F3660BD2', '8A9C944D-BE34-4DB8-940E-35C90703DB9C');

-- Balo cầu lông Mizuno /
INSERT INTO Products VALUES('48939cc6-158e-407c-861c-6980e4c0e15f', N'Balo Cầu Lông Mizuno MZ-BP2001', '', 900000, 10, 
'https://cdn.shopvnb.com/img/300x300/uploads/san_pham/balo-cau-long-mz-bp2001-1.webp', 10, '2023/12/17', 
'A5AF0EDA-D896-4FAD-A486-7B4BF1B3FD64', 'D6A3BF3D-85D8-4DB7-9935-6AA2F0C9A577');

INSERT INTO Products VALUES('c96afc9d-8ae7-425c-99cc-54b044934ec6', N'Balo Cầu Lông Mizuno 6 cạch MZ-BP2000', '', 1050000, 10, 
'https://cdn.shopvnb.com/img/300x300/uploads/san_pham/balo-6-cach-mz-bp2000-1.webp', 10, '2023/12/17', 
'A5AF0EDA-D896-4FAD-A486-7B4BF1B3FD64', 'D6A3BF3D-85D8-4DB7-9935-6AA2F0C9A577');

-- Balo cầu lông Yonex /
INSERT INTO Products VALUES('0cd46ab9-5a44-40ba-8e92-8dd66a95c9f7', N'Balo Cầu Lông Yonex 3D 2212R (BK/DBL) Chính Hãng', '', 1450000, 10, 
'https://cdn.shopvnb.com/img/300x300/uploads/gallery/balo-cau-long-yonex-3d-2212r-bk-dbl-chinh-hang-1.webp', 10, '2023/12/17', 
'30BCC492-0EC5-4980-BF20-05F9E1D76ADB', 'F77A23BE-8149-4B09-91AF-A8C43538F137');

INSERT INTO Products VALUES('fb57e5f2-80a6-44b1-b380-fa252e9a72d0', N'Balo cầu lông Yonex BAG2268 Đen - Gia công', '', 750000, 10, 
'https://cdn.shopvnb.com/img/300x300/uploads/san_pham/balo-cau-long-yonex-bag2268-den-gia-cong-2.webp', 10, '2023/12/17', 
'30BCC492-0EC5-4980-BF20-05F9E1D76ADB', 'F77A23BE-8149-4B09-91AF-A8C43538F137');

INSERT INTO Products VALUES('835f0bb0-48d8-4773-ab96-1d5f08894261', N'Balo cầu lông Yonex 109U Xanh than - Gia công', '', 650000, 10, 
'https://cdn.shopvnb.com/img/300x300/uploads/san_pham/balo-cau-long-yonex-109u-xanh-than-gia-cong-1.webp', 10, '2023/12/17', 
'30BCC492-0EC5-4980-BF20-05F9E1D76ADB', 'F77A23BE-8149-4B09-91AF-A8C43538F137');

-- Phụ kiện cầu lông 
-- Túi đựng giày

-- Vớ Cầu Lông

-- Cước đan vợt cầu lông

-- Quả cầu lông

-- Bình nước cầu lông